{"cameraMode":{"drawMode":0,"name":"Shaded","section":"Shading Mode"},"sceneLighting":true,"audioPlay":false,"sceneViewState":{"m_AlwaysRefresh":false,"showFog":true,"showSkybox":true,"showFlares":true,"showImageEffects":true,"showParticleSystems":true,"showVisualEffectGraphs":true,"m_FxEnabled":true},"in2DMode":false,"pivot":{"x":-174.41407775878907,"y":-28.682048797607423,"z":27.942811965942384},"rotation":{"x":-0.11888916790485382,"y":0.5164966583251953,"z":-0.07268031686544419,"w":-0.8448755145072937},"size":101.1677017211914,"orthographic":false}