{"cameraMode":{"drawMode":0,"name":"Shaded","section":"Shading Mode"},"sceneLighting":true,"audioPlay":false,"sceneViewState":{"m_AlwaysRefresh":false,"showFog":true,"showSkybox":true,"showFlares":true,"showImageEffects":true,"showParticleSystems":true,"showVisualEffectGraphs":true,"m_FxEnabled":true},"in2DMode":false,"pivot":{"x":-0.26816272735595705,"y":2.5169320106506349,"z":9.398628234863282},"rotation":{"x":-0.11888916790485382,"y":0.5164966583251953,"z":-0.07268031686544419,"w":-0.8448755145072937},"size":60.698890686035159,"orthographic":false}